1,book,The Whispering Pines,Sarah Callahan,03/05/2023,hard cover
2,ebook,Quantum Realities,David Lin,11/14/2022,5 mb
3,audio,The Great Migration,Emily Rivers,07/20/2021,9 hr
4,video,Journey Through the Alps,Mark Porter,04/11/2024,2 hr
5,book,Shadows of the Past,Henry Whitaker,09/28/2020,soft cover
6,ebook,The Coding Mindset,Laura Simmons,01/13/2025,8 mb
7,audio,Jazz Classics Reimagined,Anthony Miles,12/06/2023,6 hr
8,video,The Art of Sushi,Naomi Kobayashi,08/18/2022,1 hr
9,book,The Last Heir,Catherine Doyle,02/22/2024,hard cover
10,ebook,Desert Survival Guide,Omar Hassan,05/04/2020,4 mb
11,audio,Voices from History,Robert Chan,06/19/2021,7 hr
12,video,Oceans Alive,Kimberly Waters,10/25/2023,2 hr
13,book,The Alchemist's Journal,Fiona Walsh,07/15/2024,soft cover
14,ebook,Digital Fortress,Marcus Trent,12/09/2021,10 mb
15,audio,Mindfulness in Motion,Clara Benson,03/17/2023,5 hr
16,video,Hidden Cities,Alex Patel,09/30/2020,1 hr
17,book,Crimson Harvest,James Barron,11/05/2022,hard cover
18,ebook,Virtual Adventures,Isabella Moore,08/14/2024,6 mb
19,audio,Legends of the Sea,Tom Walker,04/19/2021,8 hr
20,video,Wild Savannah,Liam Carter,06/02/2023,2 hr